{"task1": [1.1611015532036637, 1.2169686348578783, 3.8171960993534175, 2.1577367083828145, 17.53449972356085, 13.749230523405476, 0.11441551070947108, 0.9750002110024923, 2.0481280123278074, 0.4178554470186725, 7.299732493572025, 5.405127802564358, 2.0541374149458744, 6.71079347281296, 3.03653640842388, 9.498185286556286, 3.7630890450319083, 1.8641906049463526, 10.670770020027398, 5.291772589866002, 0.912245460839306, 0.20732586478679277, 12.816310409006174, 1.6373225835853016, 6.291571550369559, 20.239709319388293, 16.466083091274903, 13.474719001142073, 5.2761044442380856, 0.7250110520819842, 4.519523979103389, 4.225904366704887, 4.775521858228876, 13.912436341952132, 7.24644943484495, 9.313787360469487, 1.0596535411727601, 5.682048493486052, 4.5807379490262905, 3.3300869947532497, 5.307227776030219, 5.6272294256742645, 4.913975701062781, 4.802205375719392, 6.501355432613329, 11.47165060247919, 1.1319709719592113, 4.803995448402746, 3.272807297357087, 15.777869833110813, 4.517699029348238, 0.17814530949575066, 3.5284844379917275, 5.934930515784213, 6.125013426408485, 8.159217498552128, 5.019810939931819, 0.408248290463863, 7.4957996896270505, 4.283283920775676, 0.2637521893583148, 2.049056675010037, 6.8132996874920275, 8.405557343559956, 2.999321190171195, 5.6285099470110636, 3.655702647879198, 2.0465731207219395, 5.879747322073336, 9.329263895676059, 3.139348229106255, 0.5607987647363063, 0.6950480468569159, 10.191007784407427, 4.568082535241728, 9.192388155425117, 1.0021428596001425, 12.690431782391386, 7.765802747153207, 3.212717121212626, 4.218792040149278, 3.5777087639996634, 0.769800358919501, 0.8945002144062506, 5.085382100797452, 6.804547614641353, 6.163512150222625, 2.914609664251715, 7.816784172767301, 0.46205845409189783, 12.28312270520947, 2.0787069844672015, 19.79524821394902, 8.642489395470479, 9.065168465359845, 6.214172255980044, 6.830992648790024, 8.546023022424297, 7.3876871941035835, 0.16442642142942065], "task2": [29.629844392546183, 21.271746037577156, 39.167570695513476, 42.51326464355224, 25.824123847066797, 34.73198427198685, 21.55885231720955, 33.37216354216304, 11.672593420194637, 16.00268923632796, 43.12657326792425, 34.2199785340491, 20.88821669187017, 12.788293825238569, 27.740498610723492, 60.284583447604156, 47.81311500916767, 39.20795949308538, 44.99855363308826, 50.86446402302331, 38.83116116404721, 59.392957484403, 25.41391149133609, 71.75945843853158, 22.967606359609242, 38.8473178400593, 49.725404437222515, 13.25572652532805, 46.97814442596342, 59.34613863761029, 30.025694421014343, 28.4873065536445, 11.630961036030865, 44.001821219964505, 50.82957069220025, 26.300703285972848, 28.636776340207483, 26.64458362899459, 17.962237685763508, 79.26970361214435, 37.71746977588837, 42.45943959519047, 31.750440692451104, 54.19201835801993, 37.18292776267721, 31.233139161747932, 10.094938929963202, 11.407907383792743, 67.0280759933574, 13.732450981215992, 46.14089935983624, 27.23369446830431, 13.353611495921003, 31.34003212071138, 23.560117002291232, 10.78409803635947, 52.597953935085314, 26.188089983639525, 24.203237376117922, 32.1709644024589, 60.342927225129074, 14.150821189505969, 21.34959611292726, 59.814872666844806, 53.61417093306553, 19.769416442436164, 57.50189702547936, 47.79943428631007, 56.56370997403236, 28.088648956083066, 41.14633980228736, 60.33677082915871, 50.7806449456663, 20.681602914200123, 58.59364732196159, 30.717947765057907, 18.2904717846736, 40.40300486527525, 38.88383273712685, 33.543949317442326, 36.075039855631275, 45.40302984828623, 14.018547893393597, 13.00371028470497, 34.480909699518236, 53.84230367340938, 38.769572339816506, 63.14959329256113, 63.49028812855116, 46.36631004852381, 30.669196636966724, 37.70090641078936, 74.26595232040428, 44.22673034873904, 47.638730579388145, 93.14152630609834, 42.01841386689153, 50.06499042492482, 28.879584122858468, 60.53936925942109], "task3": [5.521426082077728e-14, 9.862199882271803, 3.087443200907034e-14, 3.477763656540197e-14, 18.606023825206282, 33.24915572374668, 3.642479148833373e-14, 18.402895002689185, 5.515473566030869e-15, 1.9125472584305019, 3.727473569622989e-14, 5.260706018980864e-14, 20.840703895585985, 7.161012785601342, 1.923090879623024e-14, 7.335558671050294e-14, 5.419170124876055e-14, 36.06229398043925, 31.95010805515524, 49.477667439619154, 5.395524702541617e-14, 5.808489399089488e-14, 20.984993129103437, 71.3586602397371, 21.93825245932102, 22.60538886311638, 5.871035815720965e-14, 8.248590975149166e-15, 10.166708080096758, 27.582795542235235, 2.6731836378793965e-14, 15.368410432078333, 8.041456572832177e-15, 37.03922205558271, 16.79526435202842, 2.2766492922303443e-14, 23.484801523812955, 2.5059411610625386e-14, 6.676124710113433e-15, 58.5689683676139, 5.5387280403584056e-14, 26.89993819315885, 3.340078799731819e-14, 29.268487639882363, 2.051630870048582e-14, 2.2084509969762395e-14, 2.0996721469166298e-14, 11.153330266284868, 37.90067959800953, 3.353406546102331e-14, 4.9451183023043645e-14, 2.672664493866797e-14, 4.907349034219074e-14, 1.9415893105455928e-14, 2.2103478127125876e-14, 6.1504908900567255e-15, 7.21618117325104e-14, 24.681259935404903, 1.7400421724347362e-14, 7.194829841875877e-14, 24.783910392622094, 2.352167130679526e-14, 6.75322301446426e-15, 6.868028433850137e-14, 30.92279607010724, 2.462293462341408e-14, 33.18140357416191, 40.576983235046725, 47.06869032581552, 23.105060836853262, 12.571353918070077, 55.42047170103874, 46.69306616507825, 4.839579196071155e-14, 27.4535994852969, 3.058619805102447e-14, 5.937856360577706e-14, 4.200100042052172e-14, 37.415213049382906, 25.446553396419198, 5.4757971732760933e-14, 4.706227548778614e-14, 12.824232991262061, 2.030099798461648e-14, 4.2725435584360094e-14, 51.925188034601746, 4.641848473797932e-14, 5.585373588978548e-14, 46.76862945669892, 43.452573174451175, 2.0709869348151876e-14, 33.753945623852296, 68.70629065757944, 4.6667548361152984e-14, 37.87654183593752, 91.5601945551715, 30.965349645298705, 6.013116542529447e-14, 2.5026357723219557e-14, 41.150097148925674]}