{"task1": [1.1611015532036637, 1.2169686348578783, 3.8171960993534175, 2.1577367083828145, 17.53449972356085, 13.749230523405476, 0.11441551070947108, 0.9750002110024923, 2.0481280123278074, 0.4178554470186725, 7.299732493572025, 5.405127802564358, 2.0541374149458744, 6.71079347281296, 3.03653640842388, 9.498185286556286, 3.7630890450319083, 1.8641906049463526, 10.670770020027398, 5.291772589866002, 0.912245460839306, 0.20732586478679277, 12.816310409006174, 1.6373225835853016, 6.291571550369559, 20.239709319388293, 16.466083091274903, 13.474719001142073, 5.2761044442380856, 0.7250110520819842, 4.519523979103389, 4.225904366704887, 4.775521858228876, 13.912436341952132, 7.24644943484495, 9.313787360469487, 1.0596535411727601, 5.682048493486052, 4.5807379490262905, 3.3300869947532497, 5.307227776030219, 5.6272294256742645, 4.913975701062781, 4.802205375719392, 6.501355432613329, 11.47165060247919, 1.1319709719592113, 4.803995448402746, 3.272807297357087, 15.777869833110813, 4.517699029348238, 0.17814530949575066, 3.5284844379917275, 5.934930515784213, 6.125013426408485, 8.159217498552128, 5.019810939931819, 0.408248290463863, 7.4957996896270505, 4.283283920775676, 0.2637521893583148, 2.049056675010037, 6.8132996874920275, 8.405557343559956, 2.999321190171195, 5.6285099470110636, 3.655702647879198, 2.0465731207219395, 5.879747322073336, 9.329263895676059, 3.139348229106255, 0.5607987647363063, 0.6950480468569159, 10.191007784407427, 4.568082535241728, 9.192388155425117, 1.0021428596001425, 12.690431782391386, 7.765802747153207, 3.212717121212626, 4.218792040149278, 3.5777087639996634, 0.769800358919501, 0.8945002144062506, 5.085382100797452, 6.804547614641353, 6.163512150222625, 2.914609664251715, 7.816784172767301, 0.46205845409189783, 12.28312270520947, 2.0787069844672015, 19.79524821394902, 8.642489395470479, 9.065168465359845, 6.214172255980044, 6.830992648790024, 8.546023022424297, 7.3876871941035835, 0.16442642142942065], "task2": [29.62984439254619, 21.271746037577156, 39.16757069551348, 42.51326464355223, 25.824123847066797, 34.731984271986846, 21.55885231720954, 33.372163542163044, 11.67259342019464, 16.00268923632796, 43.12657326792425, 34.219978534049105, 20.88821669187017, 12.78829382523857, 27.740498610723492, 60.28458344760416, 47.81311500916767, 39.20795949308537, 44.99855363308826, 50.86446402302332, 38.83116116404722, 59.39295748440299, 25.413911491336087, 71.75945843853157, 22.96760635960924, 38.847317840059304, 49.7254044372225, 13.255726525328052, 46.97814442596343, 59.34613863761029, 30.025694421014336, 28.48730655364451, 11.630961036030865, 44.00182121996451, 50.82957069220027, 26.300703285972844, 28.636776340207483, 26.644583628994592, 17.96223768576351, 79.26970361214434, 37.717469775888375, 42.45943959519046, 31.750440692451114, 54.19201835801993, 37.1829277626772, 31.23313916174794, 10.094938929963199, 11.407907383792743, 67.02807599335742, 13.732450981215978, 46.14089935983625, 27.233694468304318, 13.353611495921024, 31.34003212071138, 23.560117002291232, 10.78409803635947, 52.59795393508531, 26.18808998363953, 24.203237376117926, 32.170964402458914, 60.34292722512907, 14.150821189505972, 21.34959611292726, 59.81487266684482, 53.61417093306554, 19.769416442436164, 57.50189702547935, 47.79943428631005, 56.56370997403236, 28.088648956083066, 41.14633980228738, 60.336770829158716, 50.7806449456663, 20.68160291420012, 58.59364732196158, 30.71794776505792, 18.290471784673606, 40.40300486527526, 38.883832737126845, 33.543949317442326, 36.07503985563129, 45.403029848286224, 14.018547893393597, 13.003710284704972, 34.48090969951824, 53.84230367340939, 38.769572339816506, 63.14959329256113, 63.49028812855116, 46.3663100485238, 30.669196636966728, 37.70090641078936, 74.26595232040428, 44.22673034873904, 47.638730579388145, 93.14152630609831, 42.01841386689153, 50.06499042492482, 28.879584122858464, 60.53936925942109], "task3": [0, 0, 0, 0, 0, 0, 0, 0, 0, 0, 0, 0, 0, 0, 0, 0, 0, 0, 0, 0, 0, 0, 0, 0, 0, 0, 0, 0, 0, 0, 0, 0, 0, 0, 0, 0, 0, 0, 0, 0, 0, 0, 0, 0, 0, 0, 0, 0, 0, 0, 0, 0, 0, 0, 0, 0, 0, 0, 0, 0, 0, 0, 0, 0, 0, 0, 0, 0, 0, 0, 0, 0, 0, 0, 0, 0, 0, 0, 0, 0, 0, 0, 0, 0, 0, 0, 0, 0, 0, 0, 0, 0, 0, 0, 0, 0, 0, 0, 0, 0]}