{"results": [[-0.0, {"__ndarray__": [-1.0, 0.0], "dtype": "float64", "shape": [2]}], [-2.0, {"__ndarray__": [-1.0, -1.0, -1.0, 1.0, -2.0, -1.0, 2.0, -2.0, 0.875, -1.1428571428571428, 0.25], "dtype": "float64", "shape": [11]}], [-373.0, {"__ndarray__": [-1.0, -1.0, -2.0, -1.5, 1.3333333333333333, -1.4999999999999998, -1.0, -1.0, -1.4999999999999996, -2.0, -2.0, 0.7499999999999997, 3.333333333333335, 1.5111111111111108, -0.5588235294117627, 1.7105263157894748, 2.8692307692307786], "dtype": "float64", "shape": [17]}], [-0.0, {"__ndarray__": [0.0, -1.0], "dtype": "float64", "shape": [2]}], [94.99999999999997, {"__ndarray__": [-1.0, -1.0, 1.0, -2.0, -1.0, -2.0, 2.0, -1.5, -2.0, 0.5, 2.5, 1.1, 1.6363636363636362, -1.759259259259259], "dtype": "float64", "shape": [14]}], [8.000000000000004, {"__ndarray__": [-1.0, 1.0, -2.0, -1.5, -1.0, 1.6666666666666667, 1.4, 1.7142857142857144, -1.25, 2.4000000000000004, 1.9166666666666665, 1.1304347826086958, -0.3076923076923076, 0.3333333333333335], "dtype": "float64", "shape": [14]}], [199.0, {"__ndarray__": [-1.0, 1.0, -1.0, -1.0, 2.0, -1.5, 1.0, -3.3333333333333335, 1.8, -1.0, 1.9999999999999998, -1.1111111111111112, 1.1999999999999997, -1.75, 0.5476190476190479, 2.7391304347826098, -1.8015873015873014, -0.8766519823788544], "dtype": "float64", "shape": [18]}], [-225.0000000000002, {"__ndarray__": [-1.0, -1.0, 2.0, -1.5, -1.3333333333333333, -1.25, -1.2, 2.3333333333333335, 1.2857142857142858, 2.7777777777777777, 1.8400000000000003, -2.304347826086956, -0.7075471698113206, -2.5333333333333328, 0.7447368421052637, 0.7526501766784455, 1.0563380281690145], "dtype": "float64", "shape": [17]}], [6.0, {"__ndarray__": [-1.0, -1.0, -1.0, 3.0, -1.0, -0.6666666666666666, 2.0, -1.5], "dtype": "float64", "shape": [8]}], [755.9999999999997, {"__ndarray__": [-1.0, -1.0, -1.0, 1.0, -2.0, -2.0, -2.0, -1.5, 1.25, -1.5999999999999999, -1.6666666666666663, 0.8500000000000001, -3.2941176470588234, 1.1785714285714288, 2.7272727272727266, 2.0999999999999996], "dtype": "float64", "shape": [16]}], [378.99999999999983, {"__ndarray__": [-1.0, -1.0, 1.0, -2.0, 2.0, -1.0, -1.0, -1.5, -3.5, -2.1904761904761902, -1.1956521739130432, 1.5454545454545454, -0.823529411764706, 1.1428571428571423, 2.7375000000000007, 1.730593607305936], "dtype": "float64", "shape": [16]}], [6.000000000000005, {"__ndarray__": [-1.0, 1.0, -1.0, -1.0, 1.0, -3.0, -1.0, -1.0, 1.0, -1.0, -1.6666666666666665, 1.200000000000001], "dtype": "float64", "shape": [12]}], [5.0, {"__ndarray__": [-1.0, -1.0, -1.0, -1.0, -2.0, 1.0, -1.0, 2.0, -1.5, 0.5, 1.0, -1.6666666666666665, 1.0], "dtype": "float64", "shape": [13]}], [-25.0, {"__ndarray__": [-1.0, -1.0, -1.0, -2.0, 1.5, -1.6666666666666667, -1.2, -2.0, -1.0000000000000002, -3.666666666666666, 0.9090909090909091, -0.4999999999999999, -1.25], "dtype": "float64", "shape": [13]}], [-0.0, {"__ndarray__": [-1.0, 0.0, -1.0, -1.0], "dtype": "float64", "shape": [4]}], [-18.000000000000007, {"__ndarray__": [-1.0, -1.0, 1.0, 1.0, 1.0, -1.0, -3.0, -2.0, 1.333333333333333, -1.0, 1.5, 1.8333333333333346, -0.8181818181818182], "dtype": "float64", "shape": [13]}], [-20.999999999999996, {"__ndarray__": [-1.0, 1.0, -1.0, 1.0, -1.0, -2.0, -1.0, 1.5, 2.0, -3.0, -1.1666666666666665], "dtype": "float64", "shape": [11]}], [-8.000000000000009, {"__ndarray__": [-1.0, -1.0, -1.0, -2.0, -1.5, 1.0, 1.3333333333333335, -1.0000000000000002, 1.5, -1.0000000000000002, -2.6666666666666665, -1.5000000000000002, 0.3333333333333335], "dtype": "float64", "shape": [13]}], [-0.9999999999999998, {"__ndarray__": [-1.0, -1.0, 1.0, 2.0, -1.0, -1.5, -0.33333333333333326], "dtype": "float64", "shape": [7]}], [-147.99999999999986, {"__ndarray__": [-1.0, -1.0, -1.0, -1.0, -4.0, -1.25, -1.0, 1.0, 1.4, 1.0000000000000002, 2.714285714285714, -2.7368421052631575, 1.0576923076923077, -0.8909090909090914, 1.3469387755102047, -1.6060606060606029, -1.3962264150943395], "dtype": "float64", "shape": [17]}], [-1.0, {"__ndarray__": [-1.0, -1.0, -1.0, -1.0, -1.0, 1.0], "dtype": "float64", "shape": [6]}], [-73.00000000000007, {"__ndarray__": [-1.0, 1.0, -1.0, -2.0, -1.0, 1.5, -2.333333333333333, -1.8571428571428572, -1.0, 1.0, -1.3846153846153848, 1.6666666666666665, 2.1333333333333333, 1.75, 4.625, -0.1409266409266411], "dtype": "float64", "shape": [16]}], [-27.999999999999996, {"__ndarray__": [-1.0, 1.0, -2.0, 1.5, -1.0, -1.9999999999999998, 1.0, 1.0, 1.3333333333333335, 1.9999999999999998, -1.75], "dtype": "float64", "shape": [11]}], [-1.0, {"__ndarray__": [-1.0, -1.0, 2.0, 0.5, -2.0, 0.5], "dtype": "float64", "shape": [6]}], [-0.9999999999999998, {"__ndarray__": [-1.0, -1.0, 2.0, -1.0, 1.0, 2.5, -1.2000000000000002, 1.3333333333333335, 0.4999999999999998, -0.25], "dtype": "float64", "shape": [10]}], [-1.0, {"__ndarray__": [-1.0], "dtype": "float64", "shape": [1]}], [-148.99999999999997, {"__ndarray__": [-1.0, -1.0, -2.0, 1.5, -1.3333333333333333, -1.0, -1.4999999999999998, -1.6666666666666667, 1.2999999999999998, 2.307692307692308, 1.8666666666666667, 0.8571428571428574, 0.41666666666666663, -1.9, 1.526315789473684, -2.568965517241379], "dtype": "float64", "shape": [16]}], [-1.0, {"__ndarray__": [-1.0, -1.0, 1.0, -3.0, 0.3333333333333333, 1.0], "dtype": "float64", "shape": [6]}], [-4.999999999999997, {"__ndarray__": [-1.0, -1.0, -1.0, 2.0, -1.5, -1.0, 1.3333333333333333, 1.4999999999999998, 1.6666666666666665, -0.9999999999999999, 0.4000000000000001, -1.2500000000000007, 0.9999999999999991], "dtype": "float64", "shape": [13]}], [-358.99999999999875, {"__ndarray__": [-1.0, -1.0, 2.0, -1.0, -2.0, -1.0, -1.25, 1.4, 3.2857142857142856, 1.4782608695652173, -1.7058823529411764, -1.7931034482758619, -1.7307692307692306, -3.0, 2.0, -0.9527777777777778, -0.4829931972789112, -0.722334004024143], "dtype": "float64", "shape": [18]}], [-1.9999999999999996, {"__ndarray__": [-1.0, -1.0, -1.0, 1.0, 2.0, -1.0, -3.0, 1.0, 0.3333333333333333, 0.9999999999999998], "dtype": "float64", "shape": [10]}], [0.0, {"__ndarray__": [-1.0, 1.0, -1.0, -1.0, -1.0, 1.0, -2.0, -1.0, -1.0, -0.5, 0.0], "dtype": "float64", "shape": [11]}], [3.0000000000000004, {"__ndarray__": [-1.0, -1.0, -1.0, -1.0, -2.0, 3.5, -1.8571428571428572, 1.076923076923077, 0.8571428571428572, -0.9999999999999993, -0.33333333333333354, 0.9999999999999996, 0.7500000000000004], "dtype": "float64", "shape": [13]}], [2.0, {"__ndarray__": [-1.0, -1.0, -1.0, 1.0, 2.0, -2.0, -1.0, -0.5], "dtype": "float64", "shape": [8]}], [-1.9984014443252827e-14, {"__ndarray__": [-1.0, -1.0, -1.0, 1.0, 2.0, -2.0, -1.25, 1.2000000000000002, -2.0, -1.5, 3.333333333333333, 0.5333333333333334, 1.8750000000000004, 3.3306690738754696e-16], "dtype": "float64", "shape": [14]}], [-1.0, {"__ndarray__": [-1.0, -1.0, 1.0, 1.0, -1.0], "dtype": "float64", "shape": [5]}], [13.999999999999991, {"__ndarray__": [-1.0, -1.0, -2.0, -1.0, 1.0, -1.5, -2.0, 2.1666666666666665, 0.6923076923076923, -1.4444444444444446, 1.9230769230769231, -1.1999999999999997, 0.5000000000000002, 0.9333333333333325], "dtype": "float64", "shape": [14]}], [-0.0, {"__ndarray__": [-1.0, -1.0, -1.0, -1.0, -1.0, 1.0, 0.0], "dtype": "float64", "shape": [7]}], [2.0, {"__ndarray__": [-1.0, -1.0, -2.0, -1.0, -1.0, -3.0, 0.3333333333333333], "dtype": "float64", "shape": [7]}], [-0.0, {"__ndarray__": [-1.0, 0.0], "dtype": "float64", "shape": [2]}], [0.0, {"__ndarray__": [0.0], "dtype": "float64", "shape": [1]}], [-12.999999999999995, {"__ndarray__": [-1.0, -1.0, 2.0, 1.0, -2.0, -1.5, -1.0, 1.0, 2.333333333333333, 1.6428571428571428, -1.565217391304348, -0.8055555555555557, 0.44827586206896536], "dtype": "float64", "shape": [13]}], [-7793.999999999987, {"__ndarray__": [-1.0, -1.0, -1.0, 2.0, 1.5, -1.0, 1.3333333333333333, -2.0, -1.5, -2.5, -2.6999999999999997, 1.222222222222222, -1.6565656565656566, -2.158536585365854, 2.05367231638418, -1.4222833562585973, -2.027079303675048, -1.5858778625954195, 2.3447653429602875], "dtype": "float64",